{"train/grad_norm":0.0400390625,"_wandb":{"runtime":5264},"eval/num_tokens":2.846031e+07,"train_samples_per_second":5.503,"train/entropy":0.4189901675539787,"eval/samples_per_second":28.43,"eval/runtime":17.9037,"train/global_step":1800,"eval/entropy":0.42357904969477184,"eval/mean_token_accuracy":0.8916869885781232,"train/num_tokens":2.846031e+07,"eval/steps_per_second":14.243,"train/epoch":3,"train_runtime":5231.0426,"_step":90,"train/mean_token_accuracy":0.8947023102129349,"eval/loss":0.4310787320137024,"train/loss":0.4126886749267578,"_runtime":5264,"_timestamp":1.775807010617869e+09,"train_steps_per_second":0.344,"total_flos":2.2690927758375936e+17,"train_loss":0.47341304673088924,"train/learning_rate":1.6876306598856417e-10}